,joy
0,0.022210029885172844
1,-0.02186126448214054
2,0.008719140663743019
3,-0.02674398384988308
4,-0.004149518441408873
5,0.008972788229584694
6,-0.00705854082480073
7,0.019594287499785423
8,-0.03194376081228256
9,0.04042510688304901
10,-0.027409808710217476
11,-0.002877316437661648
12,-0.028535369783639908
13,0.042549408972263336
14,-0.03054869920015335
15,-0.023700209334492683
16,-0.04416641220450401
17,0.01802484132349491
18,0.002453249180689454
19,-0.03909345716238022
20,0.049397896975278854
21,0.021274704486131668
22,0.054661087691783905
23,0.03078649379312992
24,0.046068768948316574
25,0.033513206988573074
26,-0.0075618731789290905
27,0.014901804737746716
28,-0.06303146481513977
29,0.010145909152925014
30,0.0031151112634688616
31,0.05206119641661644
32,0.0026216870173811913
33,0.012888475321233273
34,-0.0303743164986372
35,0.010605646297335625
36,0.05500985309481621
37,-0.007201217580586672
38,-0.024730654433369637
39,-0.020386936143040657
40,-0.003128982614725828
41,-0.0052195945754647255
42,-0.05443914607167244
43,0.005271117202937603
44,0.018611403182148933
45,0.016756603494286537
46,0.0033271447755396366
47,0.010344071313738823
48,0.0008456576033495367
49,0.03281567618250847
50,-0.00018020383140537888
51,0.04464200139045715
52,0.01082758791744709
53,0.008140507154166698
54,-0.0363033302128315
55,0.028899988159537315
56,0.046037063002586365
57,-0.029280459508299828
58,0.007926492020487785
59,-0.014553038403391838
60,-0.010890999808907509
61,-0.034971680492162704
62,-0.01582127809524536
63,0.009702025912702084
64,0.02623668685555458
65,0.010185541585087776
66,-0.0018478634301573038
67,0.033925384283065796
68,0.015987733379006386
69,0.052853845059871674
70,0.02022840641438961
71,0.0008996567921712995
72,0.02293926663696766
73,0.022210029885172844
74,0.04568829759955406
75,-0.0072646294720470905
76,-0.002338315127417445
77,0.03332297131419182
78,-0.01754925213754177
79,-0.01206412073224783
80,0.000486736127641052
81,-0.021052762866020203
82,-0.026189127936959267
83,0.016487102955579758
84,-0.010455042123794556
85,-0.00852097850292921
86,0.017501693218946457
87,-0.07825032621622086
88,0.006844525691121817
89,0.007664917502552271
90,0.0031091663986444473
91,-0.02141738124191761
92,-0.03169011324644089
93,-0.025951333343982697
94,0.056595150381326675
95,-0.005679331254214048
96,0.02739395573735237
97,0.003626369871199131
98,-0.0094166724011302
99,0.013213461264967918
100,0.01435487624257803
101,0.00734785757958889
102,-0.008568537421524525
103,-0.07526996731758118
104,0.019055286422371864
105,-0.011263544671237469
106,-0.011953149922192097
107,0.0036897819954901934
108,-0.0320705845952034
109,-0.08306962996721268
110,-0.014299390837550163
111,0.0332595594227314
112,-0.007129879202693701
113,0.01116842683404684
114,-0.01264275424182415
115,0.00012806238373741508
116,-0.01576579175889492
117,0.01418842002749443
118,0.013593933545053005
119,0.010058717802166939
120,-0.00965446699410677
121,0.009987379424273968
122,-0.03525703400373459
123,-0.0022788664791733027
124,0.02633180469274521
125,0.0015199048211798072
126,-0.012286062352359295
127,-0.012214723974466324
128,0.03709598258137703
129,-0.00831488985568285
130,-0.009797143749892712
131,-0.022749030962586403
132,-0.023509973660111427
133,0.0322449691593647
134,0.015250570140779018
135,-0.016613926738500595
136,-0.019911346957087517
137,0.024492859840393066
138,0.026315951719880104
139,0.02474650740623474
140,-0.03054869920015335
141,-0.06059010326862335
142,-0.0074429758824408054
143,0.019911346957087517
144,0.016582220792770386
145,-0.008489272557199001
146,0.057704858481884
147,-0.022558795288205147
148,-0.016019439324736595
149,-0.018865050747990608
150,-0.01924552209675312
151,-0.015749938786029816
152,0.018405314534902573
153,-0.013538448140025139
154,0.017485840246081352
155,-0.01713707484304905
156,-0.02474650740623474
157,0.0075143142603337765
158,0.006392715498805046
159,-0.006963422987610102
160,-0.02368435636162758
161,-0.028028074651956558
162,0.0039037971291691065
163,0.026363510638475418
164,-0.01683586835861206
165,0.001824083854444325
166,0.018928462639451027
167,-0.04968325048685074
168,0.028250016272068024
169,0.06677276641130447
170,0.0005355335888452828
171,-0.003146817209199071
172,-0.014037816785275936
173,0.003442079061642289
174,-0.010248953476548195
175,0.006436311174184084
176,0.035478975623846054
177,0.015060334466397762
178,0.01645539700984955
179,0.019530875608325005
180,-0.0072646294720470905
181,0.006464053876698017
182,0.032324232161045074
183,-0.015337761491537094
184,-0.009170951321721077
185,-0.024683095514774323
186,0.029819462448358536
187,-0.018912609666585922
188,0.027600044384598732
189,0.0005920098628848791
190,-0.021734440699219704
191,-0.002407671883702278
192,0.04870036616921425
193,-0.018215076997876167
194,0.016487102955579758
195,-0.03839592635631561
196,-0.029549961909651756
197,0.006717701908200979
198,-0.03245105594396591
199,-0.022241735830903053
200,0.01659807376563549
201,-0.012666533701121807
202,0.004032602533698082
203,-0.013696977868676186
204,-0.01826263777911663
205,0.022590501233935356
206,0.022289294749498367
207,-0.015892615541815758
208,0.015115819871425629
209,-0.0356375053524971
210,0.046449240297079086
211,0.018579697236418724
212,0.012476298026740551
213,0.010946485213935375
214,0.014996922574937344
215,0.006107361987233162
216,-0.049873486161231995
217,0.03633503615856171
218,0.04150310903787613
219,-0.01910284534096718
220,-0.005607992876321077
221,-0.03281567618250847
222,0.012111679650843143
223,-0.0027009521145373583
224,-0.007462792098522186
225,0.015615188516676426
226,0.013379918411374092
227,-0.0019142477540299296
228,-0.0025800729636102915
229,0.011073308996856213
230,0.007811557501554489
231,0.029343871399760246
232,-0.014735348522663116
233,0.042676232755184174
234,-0.059892572462558746
235,0.0031805047765374184
236,-0.003342997981235385
237,-0.005207704845815897
238,-0.0001522134116385132
239,0.012769578024744987
240,-0.02314535528421402
241,0.021132027730345726
242,0.0022412154357880354
243,-0.0023244437761604786
244,0.0012682386441156268
245,-0.011548898182809353
246,-0.03820569068193436
247,0.015591409057378769
248,-0.01466400921344757
249,-0.017501693218946457
250,-0.00911546591669321
251,-0.0008644830086268485
252,0.033037617802619934
253,0.027330543845891953
254,-0.01337199192494154
255,0.01058979332447052
256,0.017739487811923027
257,0.019261375069618225
258,-0.009297775104641914
259,-0.019499169662594795
260,0.010003232397139072
261,0.0366520993411541
262,-0.007082320284098387
263,0.025745244696736336
264,0.04530782625079155
265,0.0013772279489785433
266,-0.027853691950440407
267,0.011445853859186172
268,0.018278490751981735
269,0.003239953424781561
270,0.025031860917806625
271,0.016820015385746956
272,0.04638582840561867
273,0.0017468006117269397
274,0.002203564625233412
275,-0.013792095705866814
276,0.006301560904830694
277,0.01992719992995262
278,0.01805654726922512
279,0.01870652101933956
280,0.014434141106903553
281,-0.003967209253460169
282,0.024381889030337334
283,-0.001802286016754806
284,0.006246075499802828
285,-0.0185004323720932
286,-0.002564219990745187
287,-0.012658607214689255
288,-0.0013792095705866814
289,0.008251477964222431
290,-0.04812965914607048
291,0.013514668680727482
292,0.0032577880192548037
293,0.015623115003108978
294,0.0176443699747324
295,0.0055406177416443825
296,0.018928462639451027
297,-0.01586090959608555
298,0.008338669314980507
299,0.018674815073609352
300,0.0003626369871199131
301,3.919897790183313e-05
302,-0.0011364606907591224
303,-0.07571385055780411
304,-0.014790833927690983
305,-0.02775857411324978
306,0.031166965141892433
307,0.012729945592582226
308,-0.03960075229406357
309,0.0005543589941225946
310,0.027489073574543
311,0.014711568132042885
312,-0.029993845149874687
313,-0.036778923124074936
314,-0.023969711735844612
315,-0.02993043325841427
316,0.012793357484042645
317,0.020482053980231285
318,0.0018964131595566869
319,-0.04131287336349487
320,-0.012951887212693691
321,-0.004371460061520338
322,-0.03268885239958763
323,-0.017295604571700096
324,0.023541679605841637
325,0.031008435413241386
326,-0.022796589881181717
327,-0.010573940351605415
328,0.010787955485284328
329,0.04464200139045715
330,-0.03820569068193436
331,-0.03281567618250847
332,0.01972111128270626
333,-0.004022694658488035
334,0.028804870322346687
335,-0.03966416418552399
336,-0.010708690620958805
337,0.0034480239264667034
338,0.011287324130535126
339,0.0031864496413618326
340,-0.007549983449280262
341,-0.02511112578213215
342,0.007066467311233282
343,0.019625993445515633
344,-0.03262544050812721
345,0.0021698770578950644
346,0.007660954259335995
347,-0.006670142989605665
348,0.007415233179926872
349,-0.037286218255758286
350,0.00011728730896720663
351,-0.022447824478149414
352,0.0038284955080598593
353,-0.014442067593336105
354,0.05237825587391853
355,-0.0002697484160307795
356,-0.018246784806251526
357,-0.010835514403879642
358,-0.005108623765408993
359,0.05878286063671112
360,-0.0004835159925278276
361,0.028582928702235222
362,0.014719494618475437
363,0.03027919866144657
364,0.028567075729370117
365,-0.043627411127090454
366,0.018643109127879143
367,0.012896401807665825
368,-0.04533953219652176
369,0.013490889221429825
370,-0.022305147722363472
371,-0.0025998891796916723
372,-0.0072408500127494335
373,0.038237396627664566
374,-0.04112263768911362
375,-0.013387844897806644
376,0.002811922924593091
377,-0.035986270755529404
378,-0.011017823591828346
379,0.01058979332447052
380,-0.008980714716017246
381,-0.02626839280128479
382,-0.00895693525671959
383,-0.006103398744016886
384,-0.020989349111914635
385,0.030723081901669502
386,0.017707781866192818
387,-0.026696424931287766
388,-0.021972235292196274
389,0.00254044053144753
390,-0.017010251060128212
391,-0.00858439039438963
392,-0.009575202129781246
393,0.03379856050014496
394,-0.0020291819237172604
395,0.01737486943602562
396,0.01653466187417507
397,0.00481138052418828
398,0.014315243810415268
399,-0.0014317225432023406
400,0.022891707718372345
401,-0.009218510240316391
402,0.030865758657455444
403,-0.020688142627477646
404,0.0166297797113657
405,0.008497199043631554
406,-0.013498815707862377
407,0.01873822696506977
408,0.009939820505678654
409,0.017945576459169388
410,-0.03287908807396889
411,-0.007621321827173233
412,0.0011324974475428462
413,-0.01659807376563549
414,0.007534130476415157
415,0.024968449026346207
416,0.02029181830585003
417,-0.014386582188308239
418,-0.01632857322692871
419,-0.01639198511838913
420,-0.022828295826911926
421,0.05171243101358414
422,-0.04052022472023964
423,0.02745736762881279
424,-0.015218864195048809
425,0.007855153642594814
426,-0.02168688178062439
427,-0.0065195392817258835
428,-0.02742566168308258
429,-0.016281014308333397
430,-0.019768670201301575
431,0.01853213831782341
432,0.014759127981960773
433,0.023367296904325485
434,-0.008703287690877914
435,-0.020925937220454216
436,-0.002667264547199011
437,0.016201749444007874
438,0.01693098619580269
439,0.01398233138024807
440,-0.008354522287845612
441,-0.0005801201332360506
442,-0.002403708640486002
443,-0.023573385551571846
444,-0.015123746357858181
445,0.02745736762881279
446,-0.0063332668505609035
447,-0.03455950319766998
448,-0.014965216629207134
449,0.015298129059374332
450,-0.03367173671722412
451,-0.01240495964884758
452,0.002548367017880082
453,-0.04346888139843941
454,-0.011112941429018974
455,0.020482053980231285
456,-0.010280659422278404
457,0.03747645393013954
458,-0.01573408581316471
459,-0.003731396049261093
460,0.04435664787888527
461,0.01788216456770897
462,0.01775534078478813
463,-0.01659807376563549
464,-0.02198808826506138
465,-0.0073121883906424046
466,0.03807886689901352
467,0.005972611717879772
468,-0.0029189304914325476
469,-0.001685370341874659
470,0.021560057997703552
471,-0.03310102969408035
472,-0.08763529360294342
473,0.00785118993371725
474,-0.0637924075126648
475,-0.002383892424404621
476,-0.013213461264967918
477,-0.041693344712257385
478,0.014600597321987152
479,-0.004331827629357576
480,0.021734440699219704
481,-0.032530322670936584
482,0.00016942876391112804
483,0.028963400050997734
484,0.03744474798440933
485,0.015147525817155838
486,0.046068768948316574
487,-0.024429447948932648
488,0.006103398744016886
489,0.029074370861053467
490,0.002068814355880022
491,-0.024556271731853485
492,0.0007995848427526653
493,-0.010462968610227108
494,-0.021781999617815018
495,-0.028567075729370117
496,-0.003551068250089884
497,-0.006487833335995674
498,-0.004284268710762262
499,-0.014798760414123535
500,0.017089515924453735
501,0.018817491829395294
502,0.039822693914175034
503,0.034496091306209564
504,-0.006880194880068302
505,-0.047971129417419434
506,-0.023288032039999962
507,0.04641753435134888
508,-0.0030477361287921667
509,0.027853691950440407
510,-0.01900772750377655
511,0.0027564375195652246
512,-0.01253970991820097
513,-0.003927576821297407
514,-0.007395416963845491
515,0.009052053093910217
516,-0.006741481367498636
517,0.010019085370004177
518,0.00360655365511775
519,0.019086992368102074
520,0.014901804737746716
521,-0.017089515924453735
522,-0.004000896587967873
523,0.00153773941565305
524,0.011548898182809353
525,-0.047907717525959015
526,0.004712299443781376
527,0.010629425756633282
528,-0.034020502120256424
529,-0.013498815707862377
530,-0.014941437169909477
531,0.03027919866144657
532,-0.01588468998670578
533,0.01304700504988432
534,0.01203241478651762
535,0.027473220601677895
536,-0.02344656176865101
537,0.014545111916959286
538,-0.010344071313738823
539,-0.009266069158911705
540,0.0012464408064261079
541,-0.0006643391097895801
542,-0.03706427663564682
543,-0.012515930458903313
544,0.0067018489353358746
545,0.017184633761644363
546,0.001607096171937883
547,-0.03414732590317726
548,-0.02385874092578888
549,0.007221033796668053
550,0.05830727145075798
551,0.024191653355956078
552,-0.008528904989361763
553,0.007367674261331558
554,0.02379532717168331
555,-0.0007356774876825511
556,-0.03370344266295433
557,0.015868837013840675
558,-0.028598781675100327
559,-0.010550160892307758
560,0.019356492906808853
561,0.015448732301592827
562,0.013102490454912186
563,0.03335467725992203
564,-0.003933521453291178
565,-0.01707366295158863
566,-0.013451256789267063
567,0.04229576140642166
568,0.009408745914697647
569,-0.03912516310811043
570,-0.005076917819678783
571,-0.014283537864685059
572,-0.015345687977969646
573,-0.006273818202316761
574,-0.003826513886451721
575,0.018817491829395294
576,0.03712768852710724
577,0.013165902346372604
578,0.03329126536846161
579,-0.005841824226081371
580,0.03484485670924187
581,0.05393185093998909
582,-0.013110416941344738
583,0.02311364933848381
584,-0.0019915311131626368
585,-0.006828672718256712
586,0.012016561813652515
587,-0.012817136943340302
588,-0.01615419052541256
589,-0.014656082727015018
590,-0.023636797443032265
591,0.012151312083005905
592,0.012040341272950172
593,-0.02656959928572178
594,0.002012338023632765
595,-0.003128982614725828
596,0.014893878251314163
597,0.024794066324830055
598,0.002381910802796483
599,-0.033988796174526215
600,-0.045466355979442596
601,0.0393788106739521
602,0.01754925213754177
603,-0.021797852590680122
604,0.007367674261331558
605,0.014703641645610332
606,0.04296158626675606
607,0.007573762908577919
608,-0.003465858520939946
609,0.0032974204514175653
610,0.0015694453613832593
611,0.009321554563939571
612,-0.031214524060487747
613,-0.011961076408624649
614,0.010351997800171375
615,0.007177438121289015
616,-0.02423921227455139
617,0.045466355979442596
618,-0.01945161074399948
619,0.020038170740008354
620,0.01062149927020073
621,-0.030263345688581467
622,0.012832989916205406
623,-0.014893878251314163
624,0.02915363572537899
625,0.017152927815914154
626,-0.02189297042787075
627,-0.016851721331477165
628,-0.009741658344864845
629,0.006234185770153999
630,-0.004161408171057701
631,0.007034761365503073
632,-0.011865957640111446
633,-0.002379929181188345
634,0.007153658661991358
635,-0.0035689028445631266
636,0.01322138775140047
637,-0.022622207179665565
638,0.03712768852710724
639,0.0069594597443938255
640,-0.003895870642736554
641,0.019943052902817726
642,-0.011192206293344498
643,-0.014204273000359535
644,-0.011160500347614288
645,0.024159947410225868
646,-0.01907113939523697
647,0.004260489251464605
648,0.022828295826911926
649,-0.002207527868449688
650,0.03522532805800438
651,0.016281014308333397
652,0.023985564708709717
653,0.038744691759347916
654,0.0157023798674345
655,9.672797023085877e-05
656,-0.010447115637362003
657,-0.0022154543548822403
658,-0.012293988838791847
659,0.004323901142925024
660,-0.029914580285549164
661,-0.026617158204317093
662,0.0011850105365738273
663,0.02888413518667221
664,0.01291225478053093
665,0.02070399560034275
666,0.011667795479297638
667,-0.006475943606346846
668,-0.005144292954355478
669,-0.013316505588591099
670,0.0010522417724132538
671,-0.015226790681481361
672,0.01761266402900219
673,0.012159238569438457
674,0.03820569068193436
675,-0.027948809787631035
676,-0.03620821237564087
677,-0.02192467637360096
678,-0.012072047218680382
679,0.02067228965461254
680,-0.024667242541909218
681,-0.022590501233935356
682,-0.009099612012505531
683,0.012737872079014778
684,0.0021778035443276167
685,-0.017263898625969887
686,0.0356375053524971
687,0.024905037134885788
688,0.00534641882404685
689,-0.0004139114753343165
690,-0.019372345879673958
691,-0.012389106675982475
692,-0.010748323053121567
693,0.00016670403419993818
694,0.03145232051610947
695,0.002159968949854374
696,-0.01216716505587101
697,-0.01564689539372921
698,-0.007462792098522186
699,-0.02067228965461254
700,-0.013855507597327232
701,-0.0036640206817537546
702,-0.02701348438858986
703,0.00955142267048359
704,0.03051699325442314
705,0.0038800176698714495
706,0.0013009354006499052
707,-0.0043833497911691666
708,0.005996391177177429
709,-0.03031090460717678
710,0.013459183275699615
711,0.008703287690877914
712,-0.008719140663743019
713,0.020418642088770866
714,-0.0008322815992869437
715,0.0025146794505417347
716,0.011905590072274208
717,0.0007188337040133774
718,-0.01716878078877926
719,0.019705258309841156
720,0.009337407536804676
721,0.012991519644856453
722,-0.008306963369250298
723,-0.004763821605592966
724,0.021433234214782715
725,-0.013427477329969406
726,-0.003943429794162512
727,0.029232900589704514
728,0.023066090419888496
729,0.005818044766783714
730,-0.037856925278902054
731,-0.008695361204445362
732,-0.026664718985557556
733,-0.0009918023133650422
734,-0.0018042676383629441
735,-0.0046330345794558525
736,-0.006915864069014788
737,0.05098319426178932
738,0.026395216584205627
739,-0.014243905432522297
740,0.019625993445515633
741,-0.015773719176650047
742,-0.007775888312608004
743,0.03115111216902733
744,-0.010811734944581985
745,-0.014259758405387402
746,0.0021441159769892693
747,0.009741658344864845
748,-0.02861463464796543
749,0.0017468006117269397
750,0.03173767402768135
751,0.04476882517337799
752,-0.0011830289149656892
753,-0.042612820863723755
754,-0.01381587516516447
755,0.03386197239160538
756,-0.0043120114132761955
757,0.023668503388762474
758,-0.0059171258471906185
759,-0.01243666559457779
760,-0.0011622218880802393
761,-0.025919627398252487
762,-0.011636089533567429
763,-0.019832082092761993
764,0.02043449506163597
765,-0.04375423491001129
766,0.02246367745101452
767,0.0002937756071332842
768,0.01280921045690775
769,0.02480991929769516
770,0.00804538931697607
771,-0.026220833882689476
772,-0.03960075229406357
773,0.01972111128270626
774,-0.0064719803631305695
775,-0.002477028639987111
776,-0.005691220983862877
777,-0.007704549934715033
778,-0.0009165005758404732
779,0.016518808901309967
780,0.005790302064269781
781,-0.03091331757605076
782,0.013189681805670261
783,-0.01240495964884758
784,-0.01992719992995262
785,-0.027314690873026848
786,0.025000154972076416
787,0.020593024790287018
788,-0.005053138360381126
789,-0.009194730781018734
790,-0.025570861995220184
791,0.0010988098802044988
792,-0.03658868744969368
793,-0.009361186996102333
794,0.04201040416955948
795,-0.010534307919442654
796,0.002066832734271884
797,-0.013522595167160034
798,0.021306410431861877
799,0.0027762537356466055
800,0.012048267759382725
801,0.005362271796911955
802,0.007902712561190128
803,0.017216339707374573
804,-0.008901449851691723
805,0.0032498615328222513
806,0.018008988350629807
807,-0.020925937220454216
808,-0.03284738212823868
809,0.014291464351117611
810,9.914307156577706e-05
811,0.011739133857190609
812,-0.01859555020928383
813,0.003146817209199071
814,0.00625400198623538
815,0.03370344266295433
816,0.011128794401884079
817,-0.0366520993411541
818,-0.003372722305357456
819,-0.01216716505587101
820,0.0009378030663356185
821,0.015131672844290733
822,0.05196607857942581
823,0.0028000331949442625
824,-0.007653027772903442
825,0.007843263447284698
826,0.03662039339542389
827,0.06116081029176712
828,0.04223234951496124
829,0.011350736021995544
830,0.015726160258054733
831,-0.00844964012503624
832,-0.0002615742268972099
833,0.022860001772642136
834,-0.015099966898560524
835,0.006586914416402578
836,-0.0018369643948972225
837,0.001995494356378913
838,0.030834052711725235
839,0.05932186543941498
840,0.008085021749138832
841,-0.013966478407382965
842,-0.0002739593619480729
843,0.011873884126543999
844,0.009075832553207874
845,-0.020878378301858902
846,0.0038740728050470352
847,0.018437020480632782
848,-0.014014037325978279
849,-0.037317924201488495
850,0.00972580537199974
851,-0.004993689712136984
852,0.022352706640958786
853,0.00475985836237669
854,-0.03357661888003349
855,-0.006063766311854124
856,-0.0028515553567558527
857,-0.03272055834531784
858,0.012801283970475197
859,0.007363711018115282
860,-0.011271471157670021
861,-0.032942499965429306
862,-0.031230377033352852
863,-0.04476882517337799
864,0.013673198409378529
865,-0.004740042146295309
866,-0.0005612946697510779
867,-0.013435403816401958
868,0.009598981589078903
869,-0.03219740837812424
870,0.001586289145052433
871,-0.008544757962226868
872,-0.011937296949326992
873,0.019530875608325005
874,0.006773187313228846
875,0.01826263777911663
876,-0.01713707484304905
877,0.015092040412127972
878,0.011762913316488266
879,-0.004740042146295309
880,-0.0188333448022604
881,-0.004490357358008623
882,-0.027473220601677895
883,-0.0029129856266081333
884,0.025951333343982697
885,0.00697531271725893
886,-0.039220280945301056
887,-0.009210583753883839
888,-0.009836776182055473
889,0.008465493097901344
890,-0.0005910190520808101
891,-0.00989226158708334
892,-0.010700764134526253
893,0.008386228233575821
894,-0.011992782354354858
895,0.009131318889558315
896,-0.04765406623482704
897,-0.022733177989721298
898,-0.0016209675231948495
899,-0.004688519984483719
900,-0.012143385596573353
901,-0.020593024790287018
902,0.0074667553417384624
903,0.002649429952725768
904,-0.021877117455005646
905,-0.001126552582718432
906,0.010137982666492462
907,0.022542942315340042
908,0.034464385360479355
909,-0.006218332797288895
910,0.018658962100744247
911,0.04334205761551857
912,-0.0004074712051078677
913,-0.008140507154166698
914,-0.001992521807551384
915,0.0019092937000095844
916,-0.0022451786790043116
917,0.006059803068637848
918,-0.011366588994860649
919,0.0032320269383490086
920,-0.011636089533567429
921,-0.0042882319539785385
922,-0.017501693218946457
923,-0.011984855867922306
924,-0.020038170740008354
925,-0.013562227599322796
926,-0.024651389569044113
927,0.003315255045890808
928,-0.018880903720855713
929,0.01808825321495533
930,0.018627256155014038
931,0.024461153894662857
932,0.005013505928218365
933,-0.015361540950834751
934,0.03478144481778145
935,0.017565105110406876
936,0.0007376591092906892
937,-0.004048455506563187
938,-0.01435487624257803
939,-0.021766146644949913
940,-0.008663655258715153
941,-0.00951971672475338
942,-0.005925052333623171
943,-0.040298283100128174
944,-0.01347503624856472
945,-0.04058363661170006
946,-0.03513021022081375
947,0.027489073574543
948,-0.012967740185558796
949,-0.015805425122380257
950,-0.009868482127785683
951,0.013094563968479633
952,0.014505479484796524
953,0.009337407536804676
954,0.028757311403751373
955,0.04587853327393532
956,-0.06268269568681717
957,-0.017707781866192818
958,0.024191653355956078
959,-0.004589438904076815
960,0.025919627398252487
961,-0.034939974546432495
962,-0.035922858864068985
963,-0.014568891376256943
964,-0.011311103589832783
965,0.004434871952980757
966,0.001466400921344757
967,0.013562227599322796
968,0.02266976609826088
969,0.0031666334252804518
970,-0.0066146571189165115
971,-0.013490889221429825
972,-0.03376685455441475
973,-0.009052053093910217
974,0.0062381490133702755
975,0.004886682145297527
976,-0.010169688612222672
977,-0.02793295681476593
978,-0.014132934622466564
979,0.0034955828450620174
980,0.013649418950080872
981,0.007209144067019224
982,-0.0009387938771396875
983,-0.03715939447283745
984,0.008037462830543518
985,-0.0035253071691840887
986,0.0023006643168628216
987,-0.007553946692496538
988,-0.007997830398380756
989,0.05982916057109833
990,-0.0310559943318367
991,-0.03551068156957626
992,-0.010153835639357567
993,-0.052283138036727905
994,-0.017929723486304283
995,0.012452518567442894
996,-0.0028674083296209574
997,-0.013696977868676186
998,0.010415409691631794
999,-0.011937296949326992
1000,-0.0675337091088295
1001,0.0007247785688377917
1002,-0.011984855867922306
1003,-0.00048153437091968954
1004,0.0022392338141798973
1005,-0.04239087924361229
1006,0.008782552555203438
1007,0.010241026990115643
1008,-0.023811180144548416
1009,-0.0032815674785524607
1010,-0.02305023744702339
1011,-0.0027247315738350153
1012,0.017248045653104782
1013,-0.009583128616213799
1014,-0.027568338438868523
1015,0.019641846418380737
1016,-0.012357400730252266
1017,0.009400819428265095
1018,0.018437020480632782
1019,0.07755279541015625
1020,-0.010494674555957317
1021,-0.015068260952830315
1022,0.0224002655595541
1023,-0.012468371540307999
1024,-0.006162847392261028
1025,0.02691836655139923
1026,-0.007268592715263367
1027,0.01978452317416668
1028,-0.009709952399134636
1029,-0.023303885012865067
1030,0.02912192977964878
1031,0.0035193623043596745
1032,0.0108592938631773
1033,-0.003929558210074902
1034,-0.02287585474550724
1035,-0.011311103589832783
1036,-0.01405366975814104
1037,-0.029375577345490456
1038,-0.01606699824333191
1039,0.006246075499802828
1040,0.011215985752642155
1041,0.015203011222183704
1042,-0.012397033162415028
1043,0.01758095808327198
1044,-0.017596811056137085
1045,0.017898017540574074
1046,-0.027711015194654465
1047,0.04273964464664459
1048,0.04061534255743027
1049,-0.01422012597322464
1050,0.006507649552077055
1051,-0.0059171258471906185
1052,0.001706177368760109
1053,-0.01033614482730627
1054,-0.0031170928850769997
1055,0.0051958151161670685
1056,-0.006079619284719229
1057,-0.007316151633858681
1058,-0.008560610935091972
1059,-0.013673198409378529
1060,-0.01116842683404684
1061,-0.005342455580830574
1062,-0.0027485110331326723
1063,0.0018934407271444798
1064,-0.00777985155582428
1065,-0.01597188040614128
1066,-0.01387928705662489
1067,0.007074393797665834
1068,-0.0062619284726679325
1069,-0.01972111128270626
1070,-0.005497022066265345
1071,-0.004763821605592966
1072,-0.01405366975814104
1073,-0.0015545831993222237
1074,0.002165913814678788
1075,-0.016193822026252747
1076,-0.03709598258137703
1077,-0.032530322670936584
1078,-0.014497552998363972
1079,0.008750846609473228
1080,-0.020878378301858902
1081,0.009012420661747456
1082,-0.008481346070766449
1083,0.011976929381489754
1084,-0.013134196400642395
1085,-0.02165517583489418
1086,0.009868482127785683
1087,0.020783260464668274
1088,-0.01096233818680048
1089,0.0166297797113657
1090,-0.04870036616921425
1091,-0.008980714716017246
1092,-0.02175029367208481
1093,0.014774980954825878
1094,-0.01761266402900219
1095,-0.016249308362603188
1096,-0.007411269936710596
1097,0.008441713638603687
1098,-0.00858439039438963
1099,0.014798760414123535
1100,-0.01945161074399948
1101,-0.029058517888188362
1102,-0.024762360379099846
1103,0.0023482232354581356
1104,-0.0015248588752001524
1105,0.01364149246364832
1106,0.004502247087657452
1107,-0.0015912431990727782
1108,-0.005437573418021202
1109,-0.013681124895811081
1110,-0.016978545114398003
1111,0.0006683023530058563
1112,-0.03088161163032055
1113,0.006257965229451656
1114,0.01689928025007248
1115,0.010074570775032043
1116,-0.0028931694105267525
1117,0.0036917636170983315
1118,-0.001494143740274012
1119,-0.026046451181173325
1120,0.005374161526560783
1121,0.023494120687246323
1122,0.007272555958479643
1123,0.009123392403125763
1124,0.011517192237079144
1125,-0.022891707718372345
1126,-0.014315243810415268
1127,0.024191653355956078
1128,-0.005152219440788031
1129,0.015329835005104542
1130,-0.0049857632257044315
1131,-0.04162993282079697
1132,0.006135104689747095
1133,-0.015813350677490234
1134,-0.001009636907838285
1135,-0.015940174460411072
1136,-0.0018359735840931535
1137,0.03839592635631561
1138,-0.005837860982865095
1139,-0.03319614753127098
1140,0.0007500443025492132
1141,-0.01992719992995262
1142,-0.017898017540574074
1143,0.013094563968479633
1144,-0.009709952399134636
1145,-0.027172014117240906
1146,0.01880163885653019
1147,0.01573408581316471
1148,-0.015409099869430065
1149,-0.01710536889731884
1150,-0.008005756884813309
1151,0.005944868549704552
1152,0.010248953476548195
1153,0.0065195392817258835
1154,-0.009543496184051037
1155,0.021607616916298866
1156,0.01900772750377655
1157,-0.019404051825404167
1158,-0.01200070884078741
1159,-0.02671227790415287
1160,-0.02213076502084732
1161,-0.0009843711741268635
1162,0.005600066389888525
1163,-0.027552485466003418
1164,-0.018785785883665085
1165,-0.008750846609473228
1166,-0.011041603051126003
1167,-0.02576109766960144
1168,0.008560610935091972
1169,0.009194730781018734
1170,0.007292372174561024
1171,-0.0018131849355995655
1172,-0.01267446018755436
1173,-0.01130317710340023
1174,-0.039790987968444824
1175,0.007280482444912195
1176,-0.0011097087990492582
1177,0.008227698504924774
1178,0.0017735525034368038
1179,-0.0011384423123672605
1180,0.012103753164410591
1181,-0.006697885692119598
1182,0.0011453781044110656
1183,-0.035447269678115845
1184,0.008021609857678413
1185,0.009535569697618484
1186,-0.032974205911159515
1187,-0.027980515733361244
1188,0.0009397846879437566
1189,-0.01243666559457779
1190,0.0058695669285953045
1191,0.016106631606817245
1192,-0.020307671278715134
1193,0.026426922529935837
1194,-0.001974687213078141
1195,-0.020482053980231285
1196,-0.008711214177310467
1197,0.01120013277977705
1198,0.0012177072931081057
1199,0.011152573861181736
1200,-0.031341347843408585
1201,0.02362094447016716
1202,0.0021778035443276167
1203,0.005271117202937603
1204,0.017771193757653236
1205,0.022511236369609833
1206,-0.01062149927020073
1207,-0.017771193757653236
1208,-0.004870829172432423
1209,0.021163733676075935
1210,0.01972111128270626
1211,-0.020450348034501076
1212,0.012825063429772854
1213,0.00047336018178611994
1214,0.025570861995220184
1215,0.005782375577837229
1216,-0.012975666671991348
1217,-0.027615897357463837
1218,0.02335144393146038
1219,-0.008734993636608124
1220,0.006111325230449438
1221,-0.013649418950080872
1222,0.00821184553205967
1223,0.025475744158029556
1224,-0.02525380253791809
1225,-0.0016239399556070566
1226,0.023034384474158287
1227,-0.023747768253087997
1228,-0.005520801525563002
1229,-0.0030417912639677525
1230,0.012293988838791847
1231,-0.028757311403751373
1232,-0.010034938342869282
1233,0.0003096285799983889
1234,0.04032998904585838
1235,0.011144647374749184
1236,-0.009709952399134636
1237,-0.016709044575691223
1238,0.004688519984483719
1239,0.015551776625216007
1240,0.00249882647767663
1241,0.0035966455470770597
1242,0.002314535668119788
1243,-0.006761297583580017
1244,0.021464940160512924
1245,0.009916041046380997
1246,-0.01466400921344757
1247,-0.0356375053524971
1248,0.012412886135280132
1249,-0.01761266402900219
1250,0.016162116080522537
1251,-0.006226259283721447
1252,-0.019118698313832283
1253,0.0027524742763489485
1254,0.013039078563451767
1255,0.0020351267885416746
1256,-0.0108592938631773
1257,0.011715354397892952
1258,0.026870807632803917
1259,-0.001562509685754776
1260,-0.0002250380493933335
1261,-0.012832989916205406
1262,0.0012692294549196959
1263,-0.0005944868898950517
1264,-0.019023580476641655
1265,-0.006943606771528721
1266,-0.018817491829395294
1267,0.000288821553112939
1268,-0.006828672718256712
1269,0.004066290333867073
1270,-0.02790125086903572
1271,-0.017565105110406876
1272,-0.0007871997077018023
1273,0.0025820545852184296
1274,0.018880903720855713
1275,-0.00858439039438963
1276,-0.005417757201939821
1277,0.005715000443160534
1278,-0.02704519033432007
1279,0.009194730781018734
1280,0.015876762568950653
1281,0.0162968672811985
1282,-0.001415869570337236
1283,-0.005837860982865095
1284,-0.012349474243819714
1285,-0.00370365334674716
1286,-0.005326602607965469
1287,-0.042676232755184174
1288,-0.006178700365126133
1289,0.014370729215443134
1290,0.028218310326337814
1291,0.009971526451408863
1292,0.014449994079768658
1293,0.0023046275600790977
1294,-0.009297775104641914
1295,0.018215076997876167
1296,0.008338669314980507
1297,0.010661131702363491
1298,0.007859116420149803
1299,0.01600358635187149
1300,0.023018531501293182
1301,0.008457566611468792
1302,0.01826263777911663
1303,-0.0008847946301102638
1304,-0.0034044282510876656
1305,0.00561591936275363
1306,-0.005005579441785812
1307,0.01618589647114277
1308,-0.0191821102052927
1309,0.00868743471801281
1310,0.04346888139843941
1311,-0.01505240797996521
1312,0.02317706122994423
1313,-0.006844525691121817
1314,-0.0030160301830619574
1315,0.01754925213754177
1316,0.025887921452522278
1317,-0.03474973887205124
1318,-0.007236886769533157
1319,0.020925937220454216
1320,-0.04327864572405815
1321,-0.019324786961078644
1322,-0.018199224025011063
1323,0.002587999450042844
1324,-0.014838392846286297
1325,-0.00322013720870018
1326,-0.014267684891819954
1327,-0.03890322148799896
1328,-0.022210029885172844
1329,-0.004371460061520338
1330,0.038776397705078125
1331,-0.010486748069524765
1332,-0.02263806015253067
1333,0.01284884288907051
1334,0.017501693218946457
1335,-0.013189681805670261
1336,0.004201040603220463
1337,0.03078649379312992
1338,-0.013237240724265575
1339,0.005901272874325514
1340,0.01754925213754177
1341,-0.00018590099352877587
1342,-0.00042381961247883737
1343,0.0006539355381391943
1344,0.00297837913967669
1345,-0.004399202764034271
1346,0.023066090419888496
1347,0.00668599596247077
1348,0.025935480371117592
1349,0.01539324689656496
1350,-0.03313273563981056
1351,-0.0006549263489432633
1352,0.0063570463098585606
1353,-0.029977992177009583
1354,0.002362094586715102
1355,-0.011009897105395794
1356,-0.013958551920950413
1357,0.005600066389888525
1358,0.009337407536804676
1359,0.014925584197044373
1360,0.025665979832410812
1361,-0.026997631415724754
1362,-0.02579280361533165
1363,-0.014394508674740791
1364,-0.010034938342869282
1365,0.03031090460717678
1366,-0.01261104829609394
1367,-0.022986825555562973
1368,0.012381180189549923
1369,0.030596258118748665
1370,-0.044039588421583176
1371,0.007387490477412939
1372,-0.011517192237079144
1373,0.0058933463878929615
1374,-0.016788309440016747
1375,-0.011850104667246342
1376,-0.01347503624856472
1377,-0.008734993636608124
1378,-0.0590682178735733
1379,0.00255034863948822
1380,-0.002043053274974227
1381,0.018183371052145958
1382,0.024936743080615997
1383,-0.020688142627477646
1384,0.027821986004710197
1385,0.0051958151161670685
1386,-0.00821184553205967
1387,0.012967740185558796
1388,0.0029922507237643003
1389,0.00437938654795289
1390,-0.023224620148539543
1391,-0.03573262318968773
1392,0.0015971880638971925
1393,-0.020006464794278145
1394,0.008061242289841175
1395,0.007962160743772984
1396,-0.0009323536069132388
1397,0.006095472257584333
1398,0.017565105110406876
1399,0.017802899703383446
1400,0.02959752082824707
1401,-0.03601797670125961
1402,-0.0033568693324923515
1403,-0.008172213099896908
1404,0.005417757201939821
1405,0.016772456467151642
1406,0.028075633570551872
1407,0.005053138360381126
1408,-0.007308225147426128
1409,-0.011192206293344498
1410,0.028154898434877396
1411,-0.002496844856068492
1412,0.024889184162020683
1413,0.011731207370758057
1414,-0.03287908807396889
1415,-0.009075832553207874
1416,0.002399745397269726
1417,0.006206443067640066
1418,0.007803631015121937
1419,0.08592317253351212
1420,-0.03091331757605076
1421,0.006571061443537474
1422,0.020069876685738564
1423,0.01123183872550726
1424,-0.028725605458021164
1425,-0.0131500493735075
1426,-0.004744005389511585
1427,-0.03031090460717678
1428,0.02162346988916397
1429,-0.009273995645344257
1430,0.009408745914697647
1431,0.00014267685764934868
1432,-0.005076917819678783
1433,0.014933510683476925
1434,-0.006396678742021322
1435,-0.006559171713888645
1436,-0.013736610300838947
1437,0.012087900191545486
1438,-0.014481700025498867
1439,-0.028043927624821663
1440,-0.01656636781990528
1441,-0.009765437804162502
1442,-0.013839654624462128
1443,0.0029664894100278616
1444,-0.026347657665610313
1445,0.020989349111914635
1446,-0.0017210395308211446
1447,-0.014505479484796524
1448,0.013998184353113174
1449,0.004189150873571634
1450,0.0008575473329983652
1451,-0.02358923852443695
1452,-0.006293634418398142
1453,0.011992782354354858
1454,-0.009931894019246101
1455,0.012555562891066074
1456,0.019768670201301575
1457,-0.0029129856266081333
1458,-0.02454041875898838
1459,-0.005703110713511705
1460,0.01274579856544733
1461,-0.01805654726922512
1462,-0.009828849695622921
1463,-0.013157975859940052
1464,-0.0004349662340246141
1465,0.009741658344864845
1466,-0.001103763934224844
1467,-0.009606908075511456
1468,-0.023462414741516113
1469,0.0006460090517066419
1470,0.00948801077902317
1471,0.0137445367872715
1472,-0.027061043307185173
1473,-0.02790125086903572
1474,0.02769516222178936
1475,-0.007003055419772863
1476,-0.008734993636608124
1477,-0.02338314987719059
1478,0.021068615838885307
1479,0.029645079746842384
1480,-0.008964861743152142
1481,-0.02189297042787075
1482,-0.020830819383263588
1483,0.004767784848809242
1484,0.021797852590680122
1485,-0.007399380207061768
1486,-0.023018531501293182
1487,0.019594287499785423
1488,-0.007232923526316881
1489,-0.01710536889731884
1490,0.025380626320838928
1491,0.019625993445515633
1492,-0.013411624357104301
1493,0.010835514403879642
1494,0.010011158883571625
1495,0.009836776182055473
1496,0.01921381615102291
1497,-0.02040278911590576
1498,0.015694454312324524
1499,-0.0131500493735075
1500,0.01978452317416668
1501,0.01921381615102291
1502,0.01304700504988432
1503,-0.01304700504988432
1504,0.006761297583580017
1505,-0.010423336178064346
1506,-0.007688696961849928
1507,0.017533399164676666
1508,-0.033544912934303284
1509,-0.009686172939836979
1510,-0.006907937582582235
1511,0.006424421444535255
1512,0.0022392338141798973
1513,0.02236855961382389
1514,-0.026173274964094162
1515,0.010629425756633282
1516,-0.017533399164676666
1517,0.021290557458996773
1518,0.019641846418380737
1519,-0.009717878885567188
1520,0.009091685526072979
1521,0.007993866689503193
1522,0.02141738124191761
1523,-0.00019135046750307083
1524,-0.009377039968967438
1525,0.015092040412127972
1526,-0.016138337552547455
1527,-0.027362249791622162
1528,-0.006436311174184084
1529,-0.005730853416025639
1530,-0.03287908807396889
1531,0.00020324019715189934
1532,-0.003919650334864855
1533,0.004339754115790129
1534,-0.022495383396744728
1535,-0.031309641897678375
1536,-0.021274704486131668
1537,-0.008624022826552391
1538,-0.02260635420680046
1539,-0.01167572196573019
1540,0.010740396566689014
1541,-0.008806332014501095
1542,0.0014455938944593072
1543,0.023288032039999962
1544,0.001126552582718432
1545,-0.007553946692496538
1546,-0.0016804162878543139
1547,-0.0046568140387535095
1548,0.0028971326537430286
1549,-0.028281722217798233
1550,0.013530521653592587
1551,0.028535369783639908
1552,-0.009369113482534885
1553,0.0088221849873662
1554,0.004494320601224899
1555,-0.0044982838444411755
1556,0.015535923652350903
1557,-0.005421720445156097
1558,0.0021223181392997503
1559,-0.011414147913455963
1560,0.010288585908710957
1561,-0.0017656260170042515
1562,0.008299036882817745
1563,0.0135780805721879
1564,-0.019261375069618225
1565,-0.006242112256586552
1566,0.010375777259469032
1567,0.019610140472650528
1568,0.010629425756633282
1569,-0.010780028998851776
1570,-0.0252855084836483
1571,0.010478821583092213
1572,0.0012563489144667983
1573,0.006765260826796293
1574,-0.016709044575691223
1575,0.029549961909651756
1576,-0.018690668046474457
1577,0.012254356406629086
1578,0.0013802003813907504
1579,0.010486748069524765
1580,-0.012397033162415028
1581,0.0033073285594582558
1582,-0.030152374878525734
1583,-0.014751201495528221
1584,-0.003939466550946236
1585,-0.0017656260170042515
1586,0.005409830715507269
1587,-0.008806332014501095
1588,-0.01237325370311737
1589,-0.0021560057066380978
1590,-0.0017259935848414898
1591,-0.012967740185558796
1592,-0.015543850138783455
1593,0.02552330307662487
1594,-0.0008778589544817805
1595,-0.012595195323228836
1596,0.008885596878826618
1597,0.007062504068017006
1598,-0.0024116351269185543
1599,0.012492150999605656
1600,-0.007930454798042774
1601,-0.0028257942758500576
1602,-0.0022174359764903784
1603,0.007526203989982605
1604,0.00668599596247077
1605,-0.013498815707862377
1606,0.016550514847040176
1607,-0.004977836739271879
1608,-0.007308225147426128
1609,-0.005025395657867193
1610,0.033988796174526215
1611,0.0015803442802280188
1612,0.002617723774164915
1613,-0.012468371540307999
1614,-0.002094575436785817
1615,0.0022689581383019686
1616,0.006376862525939941
1617,0.005790302064269781
1618,-0.005580250173807144
1619,0.012801283970475197
1620,-0.013110416941344738
1621,0.023494120687246323
1622,-0.0026791542768478394
1623,-0.012801283970475197
1624,-0.009908114559948444
1625,0.017771193757653236
1626,0.004470541141927242
1627,-0.0011305158259347081
1628,-0.012103753164410591
1629,0.01381587516516447
1630,0.008568537421524525
1631,0.005160145927220583
1632,-0.0019845953211188316
1633,-9.654219320509583e-05
1634,-0.0003631323925219476
1635,0.0042406730353832245
1636,0.0062857079319655895
1637,0.00895693525671959
1638,0.018437020480632782
1639,0.013237240724265575
1640,-0.014568891376256943
1641,0.01484631933271885
1642,-0.006345156580209732
1643,-0.006670142989605665
1644,-0.003125019371509552
1645,0.016217602416872978
1646,0.016265161335468292
1647,-0.004529989790171385
1648,-0.0004530485311988741
1649,0.027378102764487267
1650,0.010906852781772614
1651,0.017469987273216248
1652,0.010217247530817986
1653,-0.002712841844186187
1654,0.007474681828171015
1655,0.01555970311164856
1656,0.008219772018492222
1657,0.017596811056137085
1658,-0.0157023798674345
1659,0.007950271479785442
1660,0.007435049396008253
1661,-0.0018102125031873584
1662,-0.009091685526072979
1663,-0.018389461562037468
1664,-0.0005285979132167995
1665,-0.012040341272950172
1666,0.00011462449765531346
1667,-0.0071932910941541195
1668,0.0007465764647349715
1669,-0.020244259387254715
1670,0.009305701591074467
1671,0.011921443976461887
1672,0.011556824669241905
1673,-0.004347680602222681
1674,0.028551222756505013
1675,-0.013562227599322796
1676,0.00012056936975568533
1677,0.004040529020130634
1678,-0.018960168585181236
1679,0.006808856502175331
1680,-0.012785430997610092
1681,0.0010215266374871135
1682,-0.023462414741516113
1683,0.016233455389738083
1684,-0.010780028998851776
1685,0.009583128616213799
1686,-0.0033251631539314985
1687,0.008734993636608124
1688,-0.006392715498805046
1689,0.008544757962226868
1690,-0.004934241063892841
1691,0.014545111916959286
1692,-0.010676984675228596
1693,-0.022780736908316612
1694,-0.03379856050014496
1695,0.0003683341492433101
1696,-0.0020281909964978695
1697,0.0030675523448735476
1698,-0.0008530886843800545
1699,-0.006967386230826378
1700,-0.00422482006251812
1701,0.022622207179665565
1702,-0.025237949565052986
1703,-0.016265161335468292
1704,0.004347680602222681
1705,-0.03579603508114815
1706,-0.010137982666492462
1707,0.0019083028892055154
1708,-0.006353083066642284
1709,-0.024144094437360764
1710,-0.028059780597686768
1711,6.220438081072643e-05
1712,0.004304084926843643
1713,0.03335467725992203
1714,-0.009218510240316391
1715,-0.01826263777911663
1716,0.024730654433369637
1717,-0.01897602155804634
1718,-0.01704195700585842
1719,0.015266423113644123
1720,-0.02073570154607296
1721,0.023573385551571846
1722,0.006927753798663616
1723,-0.038269102573394775
1724,0.024683095514774323
1725,-0.006781113799661398
1726,0.02769516222178936
1727,0.012159238569438457
1728,0.0014723457861691713
1729,0.023161208257079124
1730,-0.019197963178157806
1731,0.009971526451408863
1732,-0.000769860518630594
1733,0.014505479484796524
1734,-0.015092040412127972
1735,-0.005489095579832792
1736,0.009131318889558315
1737,-0.017660222947597504
1738,-0.00975751131772995
1739,-0.0007832364644855261
1740,0.006781113799661398
1741,0.014132934622466564
1742,0.008465493097901344
1743,-0.023129502311348915
1744,0.013213461264967918
1745,0.006301560904830694
1746,-0.007454865612089634
1747,0.018785785883665085
1748,0.03143646568059921
1749,0.014378655701875687
1750,-0.031515732407569885
1751,0.027346396818757057
1752,0.012476298026740551
1753,-0.013720757327973843
1754,0.021100321784615517
1755,-0.0045616962015628815
1756,-0.009670319966971874
1757,-0.014513405971229076
1758,-0.024730654433369637
1759,0.0021738403011113405
1760,-0.01096233818680048
1761,0.012286062352359295
1762,-0.0285036638379097
1763,0.002930820221081376
1764,0.009852629154920578
1765,-0.004965947009623051
1766,0.0001212505521834828
1767,0.014568891376256943
1768,-0.00844964012503624
1769,0.0037353592924773693
1770,-0.010415409691631794
1771,0.0058220080099999905
1772,-0.004529989790171385
1773,0.005754632875323296
1774,-0.022114912047982216
1775,0.01395062543451786
1776,0.015773719176650047
1777,-0.009876408614218235
1778,0.02368435636162758
1779,0.014228052459657192
1780,0.014600597321987152
1781,0.0007109072175808251
1782,0.0020826857071369886
1783,0.030326757580041885
1784,0.005865603685379028
1785,0.012365327216684818
1786,-0.006777150556445122
1787,-0.022955119609832764
1788,-0.01636027917265892
1789,-0.002671227790415287
1790,-0.009495937265455723
1791,0.024714801460504532
1792,-0.0356375053524971
1793,-0.011588530614972115
1794,-0.0015555740101262927
1795,0.039283692836761475
1796,0.0010869201505556703
1797,0.005128439981490374
1798,-0.0053543453104794025
1799,-0.026252539828419685
1800,0.02067228965461254
1801,0.024286771193146706
1802,-0.0029684710316359997
1803,-0.018960168585181236
1804,-0.004304084926843643
1805,0.015694454312324524
1806,0.004101959522813559
1807,0.018991874530911446
1808,0.023335590958595276
1809,0.0009432525257579982
1810,-0.0031111480202525854
1811,-0.01036785077303648
1812,0.010034938342869282
1813,-0.00609943550080061
1814,0.008782552555203438
1815,0.007292372174561024
1816,0.005818044766783714
1817,0.016994398087263107
1818,0.009606908075511456
1819,-0.02894754707813263
1820,-0.004767784848809242
1821,-0.006154920905828476
1822,-0.021575910970568657
1823,-0.024144094437360764
1824,0.0234148558229208
1825,-0.005596103146672249
1826,-0.01758095808327198
1827,0.013554301112890244
1828,0.018896756693720818
1829,0.013261020183563232
1830,-0.03994951769709587
1831,-4.57940659543965e-05
1832,0.003551068250089884
1833,-0.00032399533665739
1834,-0.015099966898560524
1835,-0.0051720356568694115
1836,-0.010486748069524765
1837,0.005909199360758066
1838,-0.009273995645344257
1839,-0.01288054883480072
1840,0.006127178203314543
1841,0.007712476421147585
1842,-0.004981799982488155
1843,-0.008750846609473228
1844,0.012119606137275696
1845,0.005877493415027857
1846,0.017834605649113655
1847,0.011120867915451527
1848,-0.0006762288394384086
1849,0.000373535935068503
1850,-0.006527465768158436
1851,0.007292372174561024
1852,0.018690668046474457
1853,-0.011865957640111446
1854,-0.012230576947331429
1855,0.01632857322692871
1856,0.009908114559948444
1857,0.025634273886680603
1858,-0.02076740749180317
1859,-0.004012786317616701
1860,-0.00917887780815363
1861,0.003293457208201289
1862,0.012048267759382725
1863,0.005477205850183964
1864,-0.022289294749498367
1865,0.005500985309481621
1866,-0.016265161335468292
1867,-0.025919627398252487
1868,0.007684733718633652
1869,-0.005873530171811581
1870,-0.009170951321721077
1871,0.013871360570192337
1872,-0.00834659580141306
1873,-0.0035907006822526455
1874,-0.0157023798674345
1875,0.03262544050812721
1876,-0.0063570463098585606
1877,0.0010750304209068418
1878,-0.01870652101933956
1879,0.014656082727015018
1880,0.02953410893678665
1881,0.0005350381834432483
1882,-0.014901804737746716
1883,0.01645539700984955
1884,-0.014838392846286297
1885,0.01109708845615387
1886,0.020513759925961494
1887,-0.0012414867524057627
1888,0.0020727775990962982
1889,0.004284268710762262
1890,0.005231484305113554
1891,-0.024730654433369637
1892,-0.02175029367208481
1893,-0.003172578290104866
1894,-0.00620247982442379
1895,-0.014426214620471
1896,-0.002138171112164855
1897,0.011548898182809353
1898,-0.01999061182141304
1899,-0.008306963369250298
1900,0.016376132145524025
1901,-0.00905997958034277
1902,0.0100983502343297
1903,-0.025269655510783195
1904,-0.00831488985568285
1905,0.026173274964094162
1906,-0.0006009271601215005
1907,0.014196346513926983
1908,0.0019063212675973773
1909,-0.037349630147218704
1910,-0.00785118993371725
1911,-0.0012632845900952816
1912,0.022495383396744728
1913,0.00868743471801281
1914,0.0008015664643608034
1915,-0.0008644830086268485
1916,-0.01805654726922512
1917,0.018405314534902573
1918,-0.020513759925961494
1919,0.0031666334252804518
1920,-0.0015981788747012615
1921,0.0006836599204689264
1922,0.009408745914697647
1923,0.003457932034507394
1924,0.006384789012372494
1925,-0.014021963812410831
1926,0.022321000695228577
1927,0.02891584113240242
1928,-0.0016932968283072114
1929,-0.019800376147031784
1930,0.030976729467511177
1931,-0.010780028998851776
1932,-0.010613572783768177
1933,0.03102428838610649
1934,0.006547281984239817
1935,0.018246784806251526
1936,-0.015995660796761513
1937,-0.0036640206817537546
1938,0.006931717041879892
1939,-0.008267330937087536
1940,0.0014990977942943573
1941,-0.017691928893327713
1942,-0.0185004323720932
1943,-0.007395416963845491
1944,-0.013625639490783215
1945,-0.007022871635854244
1946,0.011969002895057201
1947,-0.01609077863395214
1948,-0.01456096488982439
1949,0.013094563968479633
1950,0.0020331451669335365
1951,0.004201040603220463
1952,0.01284884288907051
1953,0.02335144393146038
1954,0.00481138052418828
1955,-0.0008352540899068117
1956,0.0011087179882451892
1957,-0.012698239646852016
1958,0.008703287690877914
1959,0.01645539700984955
1960,-0.01058979332447052
1961,-0.011366588994860649
1962,0.00834659580141306
1963,0.01880163885653019
1964,0.015757866203784943
1965,-0.018246784806251526
1966,0.006182663608342409
1967,0.015092040412127972
1968,0.01689928025007248
1969,-0.003990988712757826
1970,-0.023525826632976532
1971,-0.018389461562037468
1972,-0.028424398973584175
1973,0.003148798830807209
1974,-0.012492150999605656
1975,0.005901272874325514
1976,0.025570861995220184
1977,-0.007843263447284698
1978,0.02213076502084732
1979,-0.0010512509616091847
1980,0.022860001772642136
1981,-0.022923413664102554
1982,0.006658252794295549
1983,-0.0137445367872715
1984,0.0035490866284817457
1985,0.006796966772526503
1986,0.020688142627477646
1987,-0.003624388249590993
1988,-0.000889748684130609
1989,0.02545989118516445
1990,-0.005968648474663496
1991,0.012262282893061638
1992,-0.005746706388890743
1993,-0.017485840246081352
1994,-0.03658868744969368
1995,-0.00394144793972373
1996,-0.005944868549704552
1997,0.014965216629207134
1998,0.009543496184051037
1999,-0.021544205024838448
2000,0.011398294940590858
2001,0.0042644524946808815
2002,0.0069594597443938255
2003,0.0012404959416016936
2004,-0.00769662344828248
2005,0.009781290777027607
2006,0.001946944510564208
2007,0.009361186996102333
2008,0.027711015194654465
2009,-0.02569768577814102
2010,-0.015218864195048809
2011,-0.009440451860427856
2012,-0.012016561813652515
2013,0.01564689539372921
2014,0.020386936143040657
2015,0.004391276277601719
2016,0.01140622142702341
2017,0.02935972437262535
2018,0.010510527528822422
2019,-0.010066644288599491
2020,-0.0032716593705117702
2021,0.027140308171510696
2022,-0.008941082283854485
2023,-0.012143385596573353
2024,-0.01591639593243599
2025,0.021084468811750412
2026,-0.013601860031485558
2027,0.01686757430434227
2028,0.005405867472290993
2029,0.0025800729636102915
2030,0.00697531271725893
2031,-0.0026415034662932158
2032,0.027346396818757057
2033,-0.014434141106903553
2034,0.03227667510509491
2035,-0.0014228052459657192
2036,0.02026011236011982
2037,0.003598627168685198
2038,0.002651411574333906
2039,0.01981622911989689
2040,-0.01910284534096718
2041,-0.019388198852539062
2042,-0.012420812621712685
2043,0.010740396566689014
2044,0.029280459508299828
2045,0.018516285344958305
2046,0.004847049713134766
2047,-0.0075103510171175
2048,-0.03268885239958763
2049,-0.007708513177931309
2050,0.018658962100744247
2051,-0.020180847495794296
2052,-8.842992247082293e-05
2053,-0.011382441967725754
2054,-0.011057456023991108
2055,-0.011731207370758057
2056,0.014901804737746716
2057,-0.015298129059374332
2058,0.01727975159883499
2059,-0.003951356280595064
2060,0.006939643528312445
2061,0.01781875267624855
2062,-0.00687226839363575
2063,0.015440805815160275
2064,-0.019641846418380737
2065,-0.003527288790792227
2066,-0.0022630132734775543
2067,-0.016130410134792328
2068,-0.0027346396818757057
2069,0.002974415896460414
2070,-0.010764176025986671
2071,-0.028424398973584175
2072,0.008616096340119839
2073,-0.0014208236243575811
2074,0.011287324130535126
2075,0.018690668046474457
2076,-0.005889383144676685
2077,0.002377947559580207
2078,0.01160438358783722
2079,0.0023244437761604786
2080,-0.008029536344110966
2081,0.0003190412826370448
2082,-0.013482962734997272
2083,-0.002572146477177739
2084,-0.007807594258338213
2085,0.010661131702363491
2086,-0.020894231274724007
2087,0.0022471603006124496
2088,0.020101582631468773
2089,0.017802899703383446
2090,0.010447115637362003
2091,0.013324433006346226
2092,-0.01808825321495533
2093,0.01934063993394375
2094,0.002209509490057826
2095,-0.03265714645385742
2096,-0.022447824478149414
2097,-0.00037452674587257206
2098,-0.0029407283291220665
2099,-0.018246784806251526
2100,-0.0011830289149656892
2101,-0.00037972850259393454
2102,-0.02382703311741352
2103,-0.0033806487917900085
2104,-0.00016620862879790366
2105,-0.004775711335241795
2106,0.009495937265455723
2107,-0.006230222526937723
2108,-0.012753725051879883
2109,0.005128439981490374
2110,-0.013792095705866814
2111,-0.00012905319454148412
2112,-0.026839101687073708
2113,-0.0043833497911691666
2114,0.021036909893155098
2115,-0.001201854320243001
2116,-0.017248045653104782
2117,-0.020117435604333878
2118,-0.025935480371117592
2119,0.004086106549948454
2120,-0.009123392403125763
2121,-0.02921704761683941
2122,-0.00841793417930603
2123,-0.00020212553499732167
2124,-0.017977282404899597
2125,-0.007843263447284698
2126,0.006313450634479523
2127,0.011612310074269772
2128,0.028868282213807106
2129,-0.00161006860435009
2130,-0.013062858022749424
2131,-0.01758095808327198
2132,0.014370729215443134
2133,-0.006884158123284578
2134,0.025000154972076416
2135,-0.020593024790287018
2136,0.031008435413241386
2137,-0.003818587400019169
2138,0.003438115818426013
2139,-0.009812996722757816
2140,-0.006452164147049189
2141,-0.0010121138766407967
2142,-0.0051482561975717545
2143,0.012579342350363731
2144,-0.008235624991357327
2145,-0.0005320657510310411
2146,0.015195084735751152
2147,0.01096233818680048
2148,0.004636997822672129
2149,-0.009567275643348694
2150,-0.004280305467545986
2151,-0.03234008699655533
2152,-0.005948831792920828
2153,-0.008497199043631554
2154,-0.03272055834531784
2155,0.016883427277207375
2156,0.010209321044385433
2157,0.01618589647114277
2158,0.0020242277532815933
2159,-0.016011513769626617
2160,0.0008233643020503223
2161,-0.0003339034738019109
2162,0.0013445311924442649
2163,-0.004284268710762262
2164,2.7286018848826643e-06
2165,0.008069168776273727
2166,0.02457212470471859
2167,0.010772102512419224
2168,-0.007038724608719349
2169,-0.007090246770530939
2170,-0.017945576459169388
2171,0.0062381490133702755
2172,0.0201967004686594
2173,-0.013110416941344738
2174,0.016043219715356827
2175,-0.007343894336372614
2176,0.019166257232427597
2177,-0.004149518441408873
2178,-0.006796966772526503
2179,-2.5807541533140466e-05
2180,-0.009797143749892712
2181,-0.0068881213665008545
2182,-0.018072400242090225
2183,0.01542495284229517
2184,-0.008299036882817745
2185,-0.009131318889558315
2186,0.008624022826552391
2187,-0.01481461338698864
2188,-0.009939820505678654
2189,-0.008394154720008373
2190,0.012095826677978039
2191,-0.01347503624856472
2192,0.001009636907838285
2193,0.008695361204445362
2194,-0.013268946669995785
2195,0.03662039339542389
2196,0.007419196423143148
2197,-0.007181401364505291
2198,0.0005236438591964543
2199,-0.0018052584491670132
2200,-0.00566744152456522
2201,-0.01930893398821354
2202,-0.00019296053505968302
2203,-0.04337376356124878
2204,-0.020386936143040657
2205,-0.014790833927690983
2206,-0.003311291802674532
2207,-0.017121221870183945
2208,0.03316444158554077
2209,0.0006910910014994442
2210,-0.005072954576462507
2211,0.007577726151794195
2212,0.004040529020130634
2213,0.0072646294720470905
2214,0.018611403182148933
2215,-0.005619882605969906
2216,-0.034971680492162704
2217,0.022685619071125984
2218,-0.004323901142925024
2219,0.00754205696284771
2220,0.019499169662594795
2221,-0.0014059614622965455
2222,0.009329481050372124
2223,-0.007094210013747215
2224,0.007300298660993576
2225,0.006955496501177549
2226,0.008679508231580257
2227,0.004569622687995434
2228,-0.006198516581207514
2229,-0.003864164697006345
2230,0.009749584831297398
2231,-0.002722749952226877
2232,-0.031404759734869
2233,-0.005544580984860659
2234,0.004494320601224899
2235,-0.006757334340363741
2236,-0.006824709475040436
2237,0.011430000886321068
2238,0.01167572196573019
2239,0.01240495964884758
2240,0.0035233255475759506
2241,-0.007867042906582355
2242,0.008092948235571384
2243,-0.006903974339365959
2244,-2.844712525984505e-06
2245,0.01264275424182415
2246,-0.006777150556445122
2247,-0.006087545771151781
2248,-0.02742566168308258
2249,0.025126978754997253
2250,-0.011651942506432533
2251,-0.012278135865926743
2252,-0.018421167507767677
2253,0.007736255880445242
2254,0.004537916276603937
2255,-0.007474681828171015
2256,-0.007906675338745117
2257,0.0014337041648104787
2258,0.010938558727502823
2259,-0.007993866689503193
2260,0.011747060343623161
2261,0.007688696961849928
2262,0.005203741602599621
2263,-0.0028931694105267525
2264,-0.0036085352767258883
2265,-0.011342809535562992
2266,8.259342394012492e-06
2267,-0.004470541141927242
2268,-0.010954411700367928
2269,-0.000938298471737653
2270,-0.006499723065644503
2271,-0.03316444158554077
2272,0.016772456467151642
2273,-0.025745244696736336
2274,-0.012476298026740551
2275,0.005215631332248449
2276,0.0056595150381326675
2277,0.012317768298089504
2278,0.015401173382997513
2279,0.0010671039344742894
2280,0.007664917502552271
2281,-0.0007847226806916296
2282,-0.004541879519820213
2283,-0.0019578435458242893
2284,0.011160500347614288
2285,0.001125561771914363
2286,0.01903943344950676
2287,0.0007733283564448357
2288,-0.01505240797996521
2289,-0.02213076502084732
2290,0.0025800729636102915
2291,0.006515576038509607
2292,-0.010661131702363491
2293,0.005548544228076935
2294,0.01716878078877926
2295,-0.0049857632257044315
2296,-0.010383703745901585
2297,-0.01981622911989689
2298,0.016265161335468292
2299,0.013625639490783215
2300,0.018849197775125504
2301,0.007125915959477425
2302,0.012484224513173103
2303,-0.0038324587512761354
2304,0.03170596808195114
2305,0.013593933545053005
2306,0.007114026229828596
2307,-0.020275965332984924
2308,-0.0032340085599571466
2309,0.0022808481007814407
2310,-0.014132934622466564
2311,-0.01564689539372921
2312,0.005152219440788031
2313,-0.0006291652680374682
2314,-0.03335467725992203
2315,-0.004189150873571634
2316,-0.0026375402230769396
2317,-0.011017823591828346
2318,0.0117074279114604
2319,0.009440451860427856
2320,0.0023660578299313784
2321,0.014172567054629326
2322,-0.01832604967057705
2323,0.0024334329646080732
2324,0.0003170596610289067
2325,-0.012943960726261139
2326,0.0018112033139914274
2327,0.0023165172897279263
2328,-0.002524587558582425
2329,0.005390014499425888
2330,0.02246367745101452
2331,-0.013023225590586662
2332,-0.012547636404633522
2333,0.012428739108145237
2334,0.0033588509541004896
2335,-0.012325694784522057
2336,-0.004434871952980757
2337,-0.007125915959477425
2338,0.00828318390995264
2339,-0.01704195700585842
2340,0.001540711848065257
2341,-0.0030715155880898237
2342,0.007867042906582355
2343,0.005061064846813679
2344,-0.012563489377498627
2345,-0.011588530614972115
2346,-0.006547281984239817
2347,-0.01653466187417507
2348,0.002140152733772993
2349,-0.0021282630041241646
2350,-0.0011443872936069965
2351,-0.002251123543828726
2352,0.0019806320779025555
2353,-0.005679331254214048
2354,-0.006852452177554369
2355,-0.015353614464402199
2356,-0.014029890298843384
2357,0.009123392403125763
2358,0.014568891376256943
2359,-0.013490889221429825
2360,0.001249413238838315
2361,-0.0008005756535567343
2362,-0.003505490953102708
2363,-0.022796589881181717
2364,3.390432902961038e-05
2365,-0.005671404767781496
2366,-0.0028733531944453716
2367,-0.02032352425158024
2368,0.011834251694381237
2369,0.005909199360758066
2370,-0.00889352336525917
2371,0.046005357056856155
2372,-0.005227521061897278
2373,0.018627256155014038
2374,0.005976574961096048
2375,9.84618891379796e-05
2376,-0.002928838599473238
2377,0.018960168585181236
2378,0.00201927381567657
2379,-0.018104106187820435
2380,-0.01689928025007248
2381,0.020307671278715134
2382,-0.0342741496860981
2383,-0.004315974656492472
2384,0.01216716505587101
2385,0.014006110839545727
2386,0.003800752805545926
2387,-0.018437020480632782
2388,-0.005750669632107019
2389,-0.014442067593336105
2390,0.005187888629734516
2391,-0.00818013958632946
2392,-0.009234363213181496
2393,0.0010294531239196658
2394,0.026601305231451988
2395,0.0018686704570427537
2396,0.004407129250466824
2397,-0.011144647374749184
2398,-0.04093240201473236
2399,-0.01542495284229517
2400,0.005449463147670031
2401,-0.0012553581036627293
2402,-0.010122129693627357
2403,-0.013720757327973843
2404,-0.003707616589963436
2405,0.006487833335995674
2406,0.014212199486792088
2407,-0.010391630232334137
2408,-0.006721665151417255
2409,-0.03468632698059082
2410,-0.0053305658511817455
2411,-0.0011731208069249988
2412,0.01347503624856472
2413,0.015313982032239437
2414,0.005881456658244133
2415,-0.019768670201301575
2416,0.0019509077537804842
2417,0.00965446699410677
2418,0.02117958664894104
2419,-0.0004884700756520033
2420,-0.012785430997610092
2421,-0.005568360444158316
2422,0.01322138775140047
2423,0.017802899703383446
2424,0.006606730632483959
2425,0.022416118532419205
2426,-0.01751754619181156
2427,-0.006586914416402578
2428,0.016502955928444862
2429,0.00801764614880085
2430,-0.009012420661747456
2431,-0.008885596878826618
2432,0.010914779268205166
2433,0.01466400921344757
2434,0.009916041046380997
2435,0.004569622687995434
2436,0.004898571874946356
2437,0.006741481367498636
2438,0.006947570014744997
2439,0.006594840902835131
2440,0.024857478216290474
2441,0.0003096285799983889
2442,-0.010241026990115643
2443,0.0035193623043596745
2444,-0.005290933419018984
2445,-0.005544580984860659
2446,0.007906675338745117
2447,0.008671581745147705
2448,0.024794066324830055
2449,-0.0006811828934587538
2450,-0.013007372617721558
2451,0.013673198409378529
2452,0.034527797251939774
2453,0.01907113939523697
2454,-0.02032352425158024
2455,-0.02222588285803795
2456,-0.014790833927690983
2457,0.019657699391245842
2458,-0.007506387773901224
2459,-0.0062143695540726185
2460,-0.009273995645344257
2461,-0.006483870092779398
2462,-0.010843440890312195
2463,0.00678904028609395
2464,-0.003436134196817875
2465,-0.00018181389896199107
2466,0.015020702034235
2467,0.00038344404310919344
2468,0.01093063224107027
2469,0.0329107940196991
2470,0.025602567940950394
2471,-0.025063566863536835
2472,0.02270147204399109
2473,-0.0032815674785524607
2474,-0.012484224513173103
2475,-0.027076896280050278
2476,-0.0006019179709255695
2477,0.014941437169909477
2478,-0.015924321487545967
2479,-0.01829434372484684
2480,0.005643662065267563
2481,-0.006967386230826378
2482,-0.0021203365176916122
2483,-0.00892522931098938
2484,0.007894786074757576
2485,0.006487833335995674
2486,-0.03389367833733559
2487,0.018008988350629807
2488,-0.025713538751006126
2489,-0.006487833335995674
2490,0.011651942506432533
2491,-6.279267836362123e-05
2492,-0.00417329790070653
2493,-0.005021432414650917
2494,0.03513021022081375
2495,0.009234363213181496
2496,0.01781875267624855
2497,0.014442067593336105
2498,0.007989903911948204
2499,0.025095272809267044
2500,0.005818044766783714
2501,-0.007149695418775082
2502,0.0014436122728511691
2503,-0.01432317029684782
2504,-0.013823801651597023
2505,-0.004367496818304062
2506,-0.002360112965106964
2507,-0.012579342350363731
2508,0.0068167829886078835
2509,0.012817136943340302
2510,-0.007415233179926872
2511,-0.00868743471801281
2512,0.009218510240316391
2513,-0.010946485213935375
2514,-0.01716878078877926
2515,-0.003965227399021387
2516,-0.016011513769626617
2517,-0.0088221849873662
2518,0.015203011222183704
2519,-0.007114026229828596
2520,0.016978545114398003
2521,0.010780028998851776
2522,-0.00494613079354167
2523,-0.0030635891016572714
2524,0.0038522749673575163
2525,-0.02847195789217949
2526,0.010629425756633282
2527,-0.0019271282944828272
2528,0.02317706122994423
2529,0.013736610300838947
2530,0.010050791315734386
2531,-0.004958020523190498
2532,-0.001515941577963531
2533,0.006753371097147465
2534,-0.0045458427630364895
2535,-0.00039459066465497017
2536,0.003822550643235445
2537,0.011739133857190609
2538,-0.025570861995220184
2539,-0.0004859930195380002
2540,-0.0070981732569634914
2541,0.020371083170175552
2542,0.017184633761644363
2543,0.02168688178062439
2544,0.006071692798286676
2545,0.011001970618963242
2546,0.006852452177554369
2547,-0.011636089533567429
2548,0.0037571571301668882
2549,-0.03693745285272598
2550,0.02070399560034275
2551,0.014410361647605896
2552,-0.0117074279114604
2553,0.01754925213754177
2554,-0.019118698313832283
2555,-0.006856415420770645
2556,-0.00928192213177681
2557,-0.009678246453404427
2558,0.013300652615725994
2559,-0.010050791315734386
2560,-0.013823801651597023
2561,-0.019530875608325005
2562,-0.016788309440016747
2563,0.006273818202316761
2564,0.011342809535562992
2565,0.014362802729010582
2566,0.01072454359382391
2567,0.0017220303416252136
2568,-0.012222650460898876
2569,-0.001585298334248364
2570,0.020386936143040657
2571,-0.0033013836946338415
2572,-7.344390178332105e-05
2573,-0.006963422987610102
2574,-0.0035173806827515364
2575,0.01532190851867199
2576,0.014767054468393326
2577,0.004032602533698082
2578,0.010811734944581985
2579,0.0016051145503297448
2580,0.00017648829089011997
2581,-0.003442079061642289
2582,-0.008037462830543518
2583,-0.020846672356128693
2584,0.017802899703383446
2585,-0.005401904229074717
2586,-0.011311103589832783
2587,0.014473773539066315
2588,-0.0117074279114604
2589,0.01515545230358839
2590,-0.004835159983485937
2591,-0.013387844897806644
2592,0.006693922448903322
2593,0.008838037960231304
2594,-0.007573762908577919
2595,0.011271471157670021
2596,-0.0012315786443650723
2597,0.008291110396385193
2598,0.03709598258137703
2599,0.011144647374749184
2600,-0.0031626701820641756
2601,-0.028329281136393547
2602,0.018072400242090225
2603,0.020482053980231285
2604,0.0131500493735075
2605,-0.02124299854040146
2606,0.007518277503550053
2607,0.01291225478053093
2608,0.016613926738500595
2609,-0.00523544754832983
2610,0.0069832392036914825
2611,-0.006939643528312445
2612,-0.008568537421524525
2613,0.010772102512419224
2614,0.007268592715263367
2615,-0.029137782752513885
2616,0.006777150556445122
2617,0.006468017119914293
2618,-0.006043950095772743
2619,0.006900011096149683
2620,-0.019911346957087517
2621,-0.004950094036757946
2622,0.006967386230826378
2623,-0.017945576459169388
2624,0.0017973319627344608
2625,0.008116727694869041
2626,0.03576432913541794
2627,0.014830466359853745
2628,-0.01767607592046261
2629,0.019847935065627098
2630,0.01716878078877926
2631,0.010272732935845852
2632,0.00662654684856534
2633,0.006582951173186302
2634,0.0011741116177290678
2635,-0.014394508674740791
2636,-0.019419904798269272
2637,0.002330388640984893
2638,0.02545989118516445
2639,0.002114391652867198
2640,-0.007565836422145367
2641,-0.002901095896959305
2642,-0.006289671175181866
2643,0.0014505479484796524
2644,-0.01425183191895485
2645,0.002742566168308258
2646,0.013213461264967918
2647,0.013926845975220203
2648,-0.00018986425129696727
2649,0.003059625858440995
2650,-0.0046330345794558525
2651,-0.009345334023237228
2652,-0.006091509014368057
2653,0.0094166724011302
2654,0.0038582198321819305
2655,0.018072400242090225
2656,0.026109863072633743
2657,0.007827410474419594
2658,0.003416317980736494
2659,-0.007569799665361643
2660,-0.0023442599922418594
2661,0.0043278643861413
2662,-0.004149518441408873
2663,8.514786168234423e-05
2664,-0.005976574961096048
2665,-0.0038324587512761354
2666,0.0006881185690872371
2667,0.004347680602222681
2668,-0.004403166007250547
2669,0.0006995128933340311
2670,-0.003031883155927062
2671,0.0077719250693917274
2672,0.020862525328993797
2673,-0.026141569018363953
2674,0.01981622911989689
2675,-0.01846872642636299
2676,0.007082320284098387
2677,0.010954411700367928
2678,-0.0046805934980511665
2679,0.016756603494286537
2680,0.012500077486038208
2681,-0.013007372617721558
2682,-0.010280659422278404
2683,0.0011701483745127916
2684,0.01826263777911663
2685,-0.009805070236325264
2686,-0.016851721331477165
2687,-0.001440639840438962
2688,0.02284414879977703
2689,0.002288774587213993
2690,-0.011873884126543999
2691,0.018421167507767677
2692,0.0014525295700877905
2693,-0.01716878078877926
2694,0.009392892941832542
2695,0.004185187630355358
2696,0.0056357355788350105
2697,-0.0006742472178302705
2698,0.019150404259562492
2699,0.002837684005498886
2700,0.010550160892307758
2701,-0.016487102955579758
2702,-0.021528352051973343
2703,-0.004117812495678663
2704,0.01737486943602562
2705,-0.022384412586688995
2706,-0.018389461562037468
2707,0.03608138859272003
2708,0.008608169853687286
2709,-0.009662393480539322
2710,-0.01620967499911785
2711,0.01921381615102291
2712,0.03769839555025101
2713,0.0008540794951841235
2714,-0.010296512395143509
2715,-0.0015516107669100165
2716,-0.01571030728518963
2717,-0.0039057787507772446
2718,0.018437020480632782
2719,-0.015757866203784943
2720,0.007280482444912195
2721,-0.025412332266569138
2722,0.021195439621806145
2723,0.02263806015253067
2724,0.008917302824556828
2725,0.020830819383263588
2726,0.012095826677978039
2727,0.00965446699410677
2728,0.021845411509275436
2729,0.00029600493144243956
2730,-0.009702025912702084
2731,-0.004319937899708748
2732,0.023256326094269753
2733,0.011651942506432533
2734,0.0013356138952076435
2735,-0.002589981071650982
2736,0.002500808099284768
2737,0.01781875267624855
2738,0.007343894336372614
2739,0.015369467437267303
2740,0.0050333221442997456
2741,0.027790280058979988
2742,0.022542942315340042
2743,-0.01683586835861206
2744,0.0002034878998529166
2745,-0.0022986826952546835
2746,-0.014893878251314163
2747,-0.01325309369713068
2748,-0.017834605649113655
2749,0.0012831008061766624
2750,-0.00020249708904884756
2751,0.004066290333867073
2752,-0.0033568693324923515
2753,-0.009971526451408863
2754,0.01494936365634203
2755,0.028963400050997734
2756,0.01716878078877926
2757,0.0013068802654743195
2758,0.002667264547199011
2759,0.01686757430434227
2760,0.0016368204960599542
2761,-0.015163378790020943
2762,0.013157975859940052
2763,-0.013792095705866814
2764,-0.004482430871576071
2765,-0.0003532242844812572
2766,0.0026633013039827347
2767,0.004121775738894939
2768,0.02647448144853115
2769,0.0067018489353358746
2770,-0.009527643211185932
2771,0.020830819383263588
2772,-0.004244636278599501
2773,-0.002451267559081316
2774,-0.01856384426355362
2775,0.005857677198946476
2776,0.03149987757205963
2777,0.008616096340119839
2778,-0.009702025912702084
2779,0.00048326828982681036
2780,0.0006237158086150885
2781,-0.006289671175181866
2782,0.08471834659576416
2783,-0.007332004606723785
2784,-0.028963400050997734
2785,0.0285036638379097
2786,-0.02311364933848381
2787,0.017929723486304283
2788,0.008980714716017246
2789,0.01910284534096718
2790,0.012420812621712685
2791,-0.02626839280128479
2792,0.0030219750478863716
2793,-0.031214524060487747
2794,0.0032260820735245943
2795,-0.001033416367135942
2796,0.0044110924936831
2797,0.012317768298089504
2798,0.007534130476415157
2799,-0.004212930332869291
2800,0.0003804716106969863
2801,-0.0003108670935034752
2802,0.012428739108145237
2803,-0.012658607214689255
2804,0.0034975644666701555
2805,-0.004419018980115652
2806,0.012119606137275696
2807,0.0018369643948972225
2808,-0.003800752805545926
2809,-0.0029209121130406857
2810,0.009424598887562752
2811,0.01555970311164856
2812,0.002276884624734521
2813,-0.011818398721516132
2814,-0.011057456023991108
2815,0.008917302824556828
2816,-0.0015417026588693261
2817,0.011025750078260899
2818,-0.006610693875700235
2819,-0.003097276668995619
2820,-0.004351643845438957
2821,-0.009955673478543758
2822,-0.0014981069834902883
2823,0.0055168382823467255
2824,0.011525118723511696
2825,-0.012103753164410591
2826,-0.010637352243065834
2827,0.004644924309104681
2828,-0.004910461604595184
2829,0.021195439621806145
2830,-0.011311103589832783
2831,-0.004541879519820213
2832,-0.010732470080256462
2833,-0.0004431404231581837
2834,0.0017487822333350778
2835,-0.0025325140450149775
2836,-0.011976929381489754
2837,0.016027366742491722
2838,-0.003628351492807269
2839,0.018627256155014038
2840,-0.01859555020928383
2841,0.028297575190663338
2842,0.007526203989982605
2843,-0.00146342848893255
2844,0.005215631332248449
2845,-0.014616450294852257
2846,0.005861640442162752
2847,-0.00283372076228261
2848,0.012595195323228836
2849,0.0047043729573488235
2850,-0.02148079313337803
2851,-0.02005402371287346
2852,-0.022257588803768158
2853,0.013451256789267063
2854,-0.0010710671776905656
2855,-0.024175800383090973
2856,0.0030140485614538193
2857,-0.02124299854040146
2858,-0.0063332668505609035
2859,-0.012333621270954609
2860,0.001654655090533197
2861,-0.012793357484042645
2862,0.006483870092779398
2863,-0.016677338629961014
2864,-0.013197608292102814
2865,-0.002379929181188345
2866,0.0060043176636099815
2867,-0.007502424530684948
2868,0.04667118191719055
2869,-0.015781644731760025
2870,0.007054577581584454
2871,-0.00999530591070652
2872,0.012547636404633522
2873,-0.0047043729573488235
2874,-0.0007143750553950667
2875,-0.0013266965979710221
2876,-0.002742566168308258
2877,-0.009812996722757816
2878,0.002669246168807149
2879,-0.013514668680727482
2880,0.02695007249712944
2881,0.006507649552077055
2882,-0.015662748366594315
2883,-0.009979452937841415
2884,0.013728683814406395
2885,0.00024027178005781025
2886,-0.006131141446530819
2887,-0.002643485087901354
2888,0.007320114877074957
2889,0.01227020937949419
2890,-0.0021916748955845833
2891,-0.02002231776714325
2892,0.002786161843687296
2893,0.026125716045498848
2894,-0.001755717908963561
2895,-0.003077460452914238
2896,-0.018817491829395294
2897,-0.007177438121289015
2898,0.006483870092779398
2899,0.013760389760136604
2900,-0.004248599521815777
2901,0.022035647183656693
2902,0.03601797670125961
2903,-0.012206797488033772
2904,-0.01805654726922512
2905,0.009337407536804676
2906,-0.013807948678731918
2907,-0.017485840246081352
2908,-0.009305701591074467
2909,-0.0031646518036723137
2910,0.022114912047982216
2911,0.006059803068637848
2912,0.005996391177177429
2913,-0.008291110396385193
2914,-0.008235624991357327
2915,0.02073570154607296
2916,-0.012087900191545486
2917,-0.0034777482505887747
2918,-0.0032300453167408705
2919,0.019435757771134377
2920,0.003392538521438837
2921,0.0004463605582714081
2922,0.003287512343376875
2923,-0.004101959522813559
2924,-0.026553746312856674
2925,0.004355607088655233
2926,-0.015932248905301094
2927,-0.0016457377932965755
2928,-0.0072408500127494335
2929,0.0006598804611712694
2930,-0.01515545230358839
2931,0.03111940622329712
2932,-0.024857478216290474
2933,0.001293999725021422
2934,0.014616450294852257
2935,0.01405366975814104
2936,-0.012547636404633522
2937,0.0007049623527564108
2938,0.0023026459384709597
2939,0.02111617475748062
2940,-0.00024423503782600164
2941,-0.004074216820299625
2942,0.0007143750553950667
2943,0.004028639290481806
2944,-0.013990257866680622
2945,0.020989349111914635
2946,0.011747060343623161
2947,-0.006903974339365959
2948,0.0329107940196991
2949,0.012286062352359295
2950,-0.027821986004710197
2951,-0.0027584191411733627
2952,0.022828295826911926
2953,0.022146617993712425
2954,-0.034020502120256424
2955,0.008734993636608124
2956,-0.010676984675228596
2957,-0.027441514655947685
2958,0.024825772270560265
2959,0.015638967975974083
2960,0.01586090959608555
2961,-0.004036565776914358
2962,0.014973143115639687
2963,0.015924321487545967
2964,0.04419811815023422
2965,-0.0162968672811985
2966,-0.01109708845615387
2967,0.015203011222183704
2968,0.012825063429772854
2969,-0.023224620148539543
2970,-0.004014768172055483
2971,0.001945953699760139
2972,-0.021702734753489494
2973,-0.018754079937934875
2974,0.030770640820264816
2975,0.014299390837550163
2976,-0.008719140663743019
2977,-0.008631949312984943
2978,0.002227344084531069
2979,0.012365327216684818
2980,-0.01880163885653019
2981,0.008235624991357327
2982,0.02558671496808529
2983,-0.007827410474419594
2984,-0.0006331285112537444
2985,-0.020814966410398483
2986,0.014481700025498867
2987,-0.025539156049489975
2988,-0.00989226158708334
2989,0.001348494435660541
2990,0.02165517583489418
2991,-0.014172567054629326
2992,-0.017993135377764702
2993,-0.002980360994115472
2994,-0.005318676121532917
2995,0.0217185877263546
2996,0.015940174460411072
2997,-0.00875877309590578
2998,0.0009516744175925851
2999,-0.007700586691498756
3000,-0.012500077486038208
3001,-0.008750846609473228
3002,0.024080682545900345
3003,0.010700764134526253
3004,0.023478267714381218
3005,-0.0005568360211327672
3006,0.01597188040614128
3007,0.005691220983862877
3008,-0.004732115659862757
3009,-0.030437728390097618
3010,0.011453780345618725
3011,0.007189327850937843
3012,-0.012389106675982475
3013,-0.009226436726748943
3014,-0.009067906066775322
3015,-0.0281707514077425
3016,0.008100874722003937
3017,0.007997830398380756
3018,-0.005996391177177429
3019,0.049873486161231995
3020,-0.0053543453104794025
3021,0.011128794401884079
3022,-0.007732292637228966
3023,0.030184080824255943
3024,-0.012928107753396034
3025,0.004910461604595184
3026,-0.007419196423143148
3027,0.01992719992995262
3028,0.01216716505587101
3029,0.013332359492778778
3030,-0.003979098983108997
3031,-0.023541679605841637
3032,-0.012349474243819714
3033,-0.0077719250693917274
3034,0.002595925936475396
3035,-0.004133665468543768
3036,-0.008267330937087536
3037,0.017834605649113655
3038,-0.002043053274974227
3039,0.011422074399888515
3040,0.012056194245815277
3041,0.010082497261464596
3042,0.031071847304701805
3043,0.01815166510641575
3044,0.018785785883665085
3045,0.0068167829886078835
3046,-0.016027366742491722
3047,0.013593933545053005
3048,-0.013617713004350662
3049,-0.009329481050372124
3050,-0.02389044687151909
3051,-0.005829934496432543
3052,-0.015979807823896408
3053,-0.0010849385289475322
3054,0.018246784806251526
3055,0.013237240724265575
3056,0.014006110839545727
3057,-0.003152762074023485
3058,-0.013094563968479633
3059,0.0009100603056140244
3060,-0.008378301747143269
3061,0.01525849662721157
3062,0.0018339919624850154
3063,0.013126269914209843
3064,-0.020180847495794296
3065,0.01829434372484684
3066,0.012040341272950172
3067,0.015496291220188141
3068,0.004109886009246111
3069,-0.008306963369250298
3070,-0.022796589881181717
3071,-0.013023225590586662
